URLs,label
drugdevelopment-technology.com,0
mawesquire.com,0
sxweipan.com,0
kultura.gov.al,0
ivory.co.il,0
36on.ru,0
pwste.edu.pl,0
downxy.com,0
pagez.ru,0
buyviagra.tel,0
dazral.com,0
newonline-casinos.co.uk,0
gd367.cn,0
tsa.gov,0
against-the-grain.com,0
madhumakshika.com,0
roadtrippers.com,0
rayongz.com,0
kuke.com.pl,0
newarksr22.com,0
putclub.com,0
evapolar.com,0
lksjdflkdsjf.net,0
ekoi.fr,0
poderciudadano.org,0
earth.jp,0
zary.pl,0
heroswift.org,0
igc.org,0
vietnamsingle.com,0
clevitras.cyou,0
fxforex.com,0
njdfthx.cn,0
mycollegesuccessstory.com,0
testronixinstruments.com,0
adanamodern.com,0
melbetregistration.org,0
annuityexpertadvice.com,0
yunduanjishu.com,0
ajbs.fr,0
thekeysupport.com,0
kanagawa-kankou.or.jp,0
westhawaiitoday.com,0
paper-help.org,0
love146.org,0
eduroam.jp,0
phapluatxahoi.vn,0
endovenouslaser.com,0
ourvillage.family,0
pbsdte.cn,0
8jeeq.com,0
infosnow.ch,0
appmarket88.com,0
joincca.org,0
gom.com,0
tattersalls.com,0
memurlar.net,0
artsetmetiers.fr,0
cherry-world.com,0
bedfordcountypa.org,0
birdwatchinghq.com,0
frenchculture.org,0
daypitney.com,0
worlddominationgroup.org,0
fingerprintmarketing.com,0
si123.com,0
taketwotapas.com,0
obis.org,0
croi.ie,0
relsci.com,0
pirsa.org,0
localsearchassociation.org,0
mylasermarketing.com,0
gamespeopleplay.cf,0
videolucah.co,0
familysinners.com,0
thecrimepreventionwebsite.com,0
universitycircle.org,0
smg.cn,0
personal-defi.org,0
tothemaonline.com,0
manilatimes.net,0
scott-scott.com,0
lucidcafe.com,0
eau-thermale-avene.cn,0
sheffdocfest.com,0
rouge.com.au,0
palmeiras.com.br,0
fundingfactory.com,0
daytona-park.com,0
mozillamessaging.com,0
pretapousser.fr,0
simxxjz.cn,0
stormgain.com,0
fluconazole.store,0
intactspecialty.com,0
mexicanpharm.online,0
varsitycollege.co.za,0
locanto.de,0
selectsmart.com,0
nxzyscl.com,0
cheapuggssale.com.co,0
fores.se,0
threedecks.org,0
innophos.com,0
vxu.se,0
icimodafinilenligne.com,0
customsticker.com,0
ditishelmond.nl,0
ilovehollywoodpizza.com,0
aerogrow.com,0
app-network.org,0
playamontroig.com,0
dgguangyue168.com,0
simos.info,0
infarmbureau.com,0
15954906868.com,0
chaoliuapp.com,0
slimme1123.cf,0
asseenontv.com,0
environmentjournal.online,0
dgft.gov.in,0
degroot-int.com,0
realcheapjordan.com,0
apruebaconnota.org,0
shuiyanju.top,0
seeingpage.com,0
tanic.design,0
sdnxs.com,0
nflchinacheapjerseys.com,0
goldmanpfm.com,0
liyusuliao.com,0
ektu.kz,0
kraken30at.com,0
rosettastone.co.uk,0
ethio3f.com,0
data3.com,0
godaddy.com,0
ombudsman.gov.ru,0
nhcps.com,0
dirtbagdiaries.com,0
ncallpropainters.com,0
playposit.com,0
crosstool-ng.org,0
darcapress.com,0
mthoodrr.com,0
jmth.gr,0
elogia.net,0
wovenbagpp.com,0
osscs7u.top,0
emmachristensenmedia.com,0
treemail.pro,0
neptunetheatre.com,0
coocha.co.kr,0
confex.com,0
evostar.org,0
nhtv.nl,0
ofhkyubr.cn,0
urca.br,0
secure-res.com,0
iqfqdvr.cn,0
poshit.ir,0
xp657.cn,0
mep.gov.cn,0
landroverwjr.com,0
kraisoft.com,0
impact.co.th,0
americasfrontlinedoctors.org,0
deoldtimerverzekering.nl,0
catholiccourier.com,0
chenfengwlkj.com,0
rangelands.org,0
thecbdflowershop.co.uk,0
reimanpub.com,0
colnal.mx,0
marupyara.com,0
optex.co.jp,0
apogeeweb.net,0
fashionguiden.se,0
hemingwaykoltoztetes.hu,0
dabwoodsofficialstore.com,0
asu-arbeitsmedizin.com,0
cslplasma.com,0
airpacific.com,0
totalsportal.com,0
quanmingongyang.com,0
indigochild.com,0
rwhkll.com,0
gamesurf.it,0
ahzsks.cn,0
kidumatarim.org,0
nocsdegree.com,0
vanenburg.nl,0
sportograf.com,0
yuetianlvyou.com,0
uhlenbrock.de,0
rcrnews.com,0
launchcode.org,0
hwchronicle.com,0
theuniqueevent.com,0
netcraft.ua,0
math-drills.com,0
fulibfu.cn,0
krispykreme.com.au,0
moodmission.com,0
kavkaz.ws,0
akwgj.com,0
inourownimage.com,0
gdxua.cn,0
paolofresu.it,0
huelsbeck.com,0
thebigthrill.org,0
quest2recovery.com,0
servproomahasouthwestne.com,0
taslgw.cn,0
euro88next.net,0
sportstravelmagazine.com,0
3cm.us,0
dozhai.com,0
guidestar.com,0
coinbound.io,0
expresstorussia.com,0
zijiashequn.com,0
uillinois.edu,0
orenambarchi.com,0
qaz.wtf,0
web-coms.com,0
captainds.com,0
essential-people.com,0
doodlebaseball.io,0
saltharvestcreatives.com,0
biblebaptistny.org,0
dvdjournal.com,0
streetwiseprofessor.com,0
bdhnygc.com,0
highlandsnj.com,0
altaya.fr,0
tc.edu.tw,0
maced.org,0
wypei.com,0
buyundetectablecounterfeitnotes.com,0
gaojing888.vip,0
newart.ru,0
qdblzc.com,0
coffeegeek.tv,0
cbre.ca,0
sankei.co.jp,0
surfwax.com,0
33jiac.com,0
hzhta.cn,0
baldwin-woodvillechamber.org,0
belangenvereniginghartenvaatpatienten.nl,0
blackyouth.ca,0
veztqeq.cn,0
swsxjw.cn,0
kontrast.at,0
luzgrandhotel.fr,0
upscadvisor.co.in,0
bmxmuseum.com,0
huyiyi678.cn,0
r2k.org.za,0
freitag35.de,0
nagahama.lg.jp,0
dvjnwxt.cn,0
smogtoken.com,0
gaminatorslots-officials.click,0
7oroof.com,0
globalempowermentmission.org,0
bssqzw.cn,0
dresshead.com,0
qqeng.com,0
xxxadd.com,0
nihon-eiga.com,0
securecafe.com,0
canadaescortshub.com,0
contactmail-support.com,0
rac.fm,0
kraken3torfdvlh4aar7instadonion.ug,0
sungsam.net,0
sameroom.io,0
americanexpedition.us,0
188betwin.net,0
hoffmann-speedster.com,0
thesecretworld.com,0
truchsess.at,0
drukwerkdeal.nl,0
51aspx.cn,0
iwillnoteatoysters.com,0
unmudl.com,0
thelightingoutlet.com.au,0
daughtersofsimone.com,0
gxai.cn,0
fabulousthings.net,0
karambasecurity.com,0
caha.org.au,0
bjjjzfz.com,0
educator.com,0
pawlot.nl,0
svoboda.fm,0
c2j.de,0
rolexreplica-watches.com.co,0
topurl.best,0
capreform.eu,0
soft-tox.org,0
doctorhugo.org,0
yeoldplough.co.uk,0
yeseji.com,0
homediet.co.il,0
automotiveworld.jp,0
housingtarget.com,0
golfnetwork.co.jp,0
bridgehead.ca,0
poramesa.com,0
lateja.cr,0
ames.nl,0
ddmf.eu,0
hairsprayandhighheels.net,0
phonearena.com,0
verwaltungsvorschriften-im-internet.de,0
marktcom.de,0
withdrama.net,0
xmjj.gov.cn,0
yuzawa.lg.jp,0
pyramid-plastics.co.uk,0
alphabay-market.net,0
gmzxqz.cn,0
xafoljg.cn,0
xbet-promo-ar.com,0
aikenslake.com,0
gdmc.edu.cn,0
employmentlawgroup.com,0
dineplan.com,0
linkedpt.com,0
bridgeandburn.com,0
virtualdatalab.net,0
pcsoft.com.cn,0
ctege.info,0
humanoides.fr,0
crazycrayons.com,0
getolympus.com,0
kemono.party,0
eschenbach-eyewear.com,0
sujingyun.com,0
icadmed.com,0
temoignages.re,0
blog7.org,0
chemistry.or.jp,0
euyin.cn,0
boutiquehomeremodeling.com,0
unseenuk.org,0
thekag.com,0
theamericanscholar.org,0
electrodepot.fr,0
hermiseenplace.com,0
raben-group.com,0
parkmaps.wiki,0
britishtriathlon.org,0
urku.org.in,0
heartresearch.com.au,0
metalks.co.kr,0
nemzetiutdij.hu,0
visualsfrance.com,0
bjuke.cn,0
zpid.de,0
webnode.com.ar,0
ftxgzjm.cn,0
sysnetgs.com,0
nissoken.com,0
averzol.com,0
blitiri.com.ar,0
panda-brother.com,0
carlyfiorina.com,0
woneninrotterdam.nl,0
qiaomeike.top,0
cdjiaquan.cn,0
hgib.de,0
perennialbeer.com,0
mandatechina.net,0
siciliano.com.br,0
m23756.top,0
taday.ru,0
kek-online.de,0
jcd.org.in,0
kylesa.com,0
fyfzmvr.cn,0
qgjjueo.cn,0
hzjunxiong.cn,0
nximg.com,0
parasaildestin.com,0
nanamomatl.com,0
appinn.com,0
selvamotel.com.br,0
ballerinagallery.com,0
die-bank.de,0
eaglepack.com,0
onenews.ph,0
solorider.com,0
daidly.com,0
edmvc.info,0
sjzltzyyzx.com,0
mailspeaking.com,0
eventim.ro,0
gardenplace.jp,0
oto.com,0
emirateshospitals.ae,0
bizwiki.com,0
didntdoitbailbonds.com,0
chinapostdoctor.org.cn,0
downtownvictoria.ca,0
mostep.ru,0
macpac.gov,0
5474461.vip,0
bayterralandscapesinc.com,0
weather.bg,0
chaoyangrencai.com,0
bdbiosciences.com,0
stewartlee.co.uk,0
ticketmelon.com,0
softwarecraftsmanship.org,0
surveyusa.com,0
packandgo.ru,0
twofourdigital.net,0
phghqoq.cn,0
essaychampions.com,0
summerwood.com,0
balajis.com,0
tessella.com,0
savethemanatee.org,0
derby.de,0
arekao.jp,0
kustomize.io,0
farmahiadlovsky.sk,0
ipchaxun.com,0
propecia.fun,0
wfnewheekxray.com,0
dmix.de,0
24hod.sk,0
ihomefinder.com,0
thegeorgiahempcompany.com,0
toyoinfo2018.com,0
computerlegalexperts.com,0
websiteindexer.com,0
buycytotec.quest,0
adacado.com,0
in.gov.br,0
tentworld.com.au,0
oiraproject.eu,0
kenhsoicauvip.com,0
gearbloggen.dk,0
vporoom.com,0
themindgym.com,0
niallferguson.com,0
klicktrack.com,0
trustedshopotc.info,0
everything-birthday.com,0
dension.com,0
counterfeitcurrencysales.com,0
mdui.org,0
spytalk.co,0
nationthailand.com,0
liscombetreeservice.com,0
primafx.id,0
sugarmommadating.net,0
nswbardrc.com.au,0
eagle-network.eu,0
insulinaffordability.com,0
anmd.de,0
inspiration4.com,0
antimesa2.cf,0
metropolismag.com,0
abc.sm,0
hyosung.com,0
mdent-clinic.ru,0
skysneakers.com,0
qhhb.gov.cn,0
diflucan33.us,0
vanllen.com,0
scannerdelamina.teysolucoes.com.br,0
ragnarokds.com,0
achievementarteryqaarisoft.cf,0
ju-shin.jp,0
drbeckermail.de,0
zghat.cn,0
givehigher.com.au,0
usenext.de,0
abckitchennyc.com,0
sustainabilityprofessionals.org,0
isamunoguchi.or.jp,0
lixjuka.cn,0
tjwanshengxin.com,0
jasonyoga.com,0
kostbarenatur.net,0
blakecantrellrealestate.com,0
erichynds.com,0
poised.com,0
njmshb.com,0
qianchengebao.com,0
lowitja.org.au,0
kmsbsm.com,0
obokdlb.cn,0
couragerc.net,0
barnet.gov.uk,0
gloria.de,0
richardashcroft.com,0
chalons-tourisme.com,0
atlantamotorsportspark.com,0
assembled.com,0
texasrehabcenter.org,0
redhotandblue.com,0
carxoo.com,0
liveresult.ru,0
rublon.com,0
whcc.com,0
mein-pferd.de,0
fasertec.com,0
grievance-tracking.com,0
hbbtv.org,0
jnpxy.com,0
fyyd.de,0
leazn.com,0
conversion-metric.org,0
momsmessymiracles.com,0
greenaironline.com,0
zryc2008.com,0
costamesatreecare.com,0
toutelathailande.fr,0
shenzhenjianfei.com,0
allproducts.com,0
sac.gov.in,0
er86yd.top,0
visualbeamsoftware.com,0
peterbjornandjohn.com,0
langpop.com,0
jfedstl.org,0
rainbowhealth.org,0
footbolki.ru,0
hzsvd.cn,0
wri.com,0
mostbetsitez.com,0
espaceplaisir.fr,0
empresarialjardinsdobrasil.com.br,0
gratisdatingsite.nl,0
ufopmds.cn,0
fsk-hh.org,0
atomicbird.com,0
bjagu.cn,0
patientnotebook.com,0
lovesmile-dental.com,0
fssxjx.cn,0
citymd.com,0
babynamesdirect.com,0
kirishimajingu.or.jp,0
hyboteng.cn,0
seresto.online,0
tokamachi.lg.jp,0
bdo.com.ph,0
yixue99.com,0
knocknet.net,0
mattitos.com,0
zwxwl.com,0
hansawire.eu,0
maconheavydutytowing.com,0
ancestry.ca,0
comses.net,0
michelangelofoundation.org,0
suspekt.org,0
the-virtualshow.com,0
unla.ac.id,0
bnext.com.tw,0
fluro.io,0
ula.edu.mx,0
volta.sh,0
theplacesisli.com,0
shhuayan.com.cn,0
momsecrets.co,0
luggagehero.com,0
enteri.sbs,0
turnitin.com,0
godfreyhirst.com,0
queenonlinestore.com,0
jet-time.dk,0
idirect.com,0
thabet.download,0
pop-bookmarks.win,0
canadream.com,0
huwelijksfotografe.nl,0
fullcontact.com,0
silesia24.pl,0
natuurenmilieu.nl,0
chaliklaw.com,0
artificiallawyer.com,0
personalfinanceclub.com,0
iipq-ccpa.com,0
kajhbpw.cn,0
sonomastatestar.com,0
resoundkorea.co.kr,0
portmans.com.au,0
tilequeenfl.com,0
partsouq.com,0
auchan.hu,0
dalet.com,0
netspeed.com.au,0
stardust-testing.com,0
admsidorovo.ru,0
autodesk.ae,0
wealthnavi.com,0
gzbtcs.cn,0
therapiehund.sh,0
sunrise-resorts.com,0
notimpossible.com,0
orleansnebraska.org,0
oryor.com,0
kallanishenergy.com,0
zhongli22.com,0
jnswfw.cn,0
sollyazar.com,0
virtualhosts.de,0
righthomeremedies.com,0
domc.de,0
shwli.cn,0
oldsaltblog.com,0
fitathletic.com,0
pfisterer.com,0
knittingsell.com,0
bingmapsportal.com,0
0518kede.com,0
earshot.org,0
etemadonline.com,0
cincabinets.com,0
amaraorganicfoods.com,0
amghnnc.cn,0
rocknyc.live,0
centrica.co.uk,0
sildalisep.com,0
mediagol.it,0
uao.es,0
shoplus.net,0
johnmajorarchive.org.uk,0
gallorosso.it,0
sildenafilkamagra.store,0
mckinley.com,0
hungrig-online.de,0
xnb0971.com,0
dailymotion.com,0
mmkkssdwrrc.xyz,0
beat.com.au,0
siding-amarillo.com,0
tp45.ru,0
khsaa.org,0
bojany.com,0
datetimegap.com,0
innovativebuildingmaterials.com,0
kopers.cf,0
opensourceyourmind.org,0
heroine.cz,0
whole-dog-journal.com,0
visionaware.org,0
mistlondon.com,0
zsyuanrui.com,0
online-learning-forum.jp,0
accuristech.com,0
lipuedu.cn,0
trespass.com,0
royalmarsden.nhs.uk,0
stiffia.com,0
anymore.nl,0
hixie.ch,0
eviews.com,0
49235.xyz,0
cousinsbarber.de,0
polity.org.za,0
gabident.pl,0
diaochapai.com,0
culturalcenter.gov.ph,0
domizbrusa9x12spb.ru,0
fqkvvuz.cn,0
5258game.com,0
shopseye.com,0
happykon.ru,0
xrc-tech.com,0
mybudgetapp.com,0
changdao66.cn,0
viamedica.pl,0
b-corsairs.com,0
phenergan.shop,0
wentworthgallery.com,0
hko.gov.hk,0
ruchiagrawal.com,0
cnccfp.fr,0
pjtrailers.com,0
ggsqy.com,0
unix-medical.ru,0
denkmalschutz.de,0
atomocoffee.com,0
buyavanafilp.com,0
transformerforums.com,0
classicroof.ca,0
livingthedreamrtw.com,0
intexttimmerwerken.nl,0
istanbulescorteva.com,0
kidzania.jp,0
fntt.lt,0
yunwangxun.com,0
cwo.com,0
studentenweb.org,0
sssfonline.org,0
brightlinewest.com,0
sonaidas.com,0
norway.info,0
pryvitalka.net.ua,0
cir-onlus.org,0
cornpalace.com,0
talentispa.com,0
nua.edu.cn,0
paste2.org,0
uagrm.edu.bo,0
yiyunhuichun.com,0
detoxofsouthflorida.com,0
dataroomstechnology.org,0
wowdesigneu.com,0
posta-romana.ro,0
wasteworxusa.com,0
hhtool.com.tw,0
digitalcreativeservice.com,0
izto.org,0
overade.com,0
church.by,0
notre-dame.com,0
pacbi.org,0
1415926.mobi,0
stoicstudio.com,0
contractortrainingcenter.com,0
billigsprit.se,0
acu.edu,0
dartmouthinteriordesign.com,0
fitfatherproject.com,0
shinshu-skypark.net,0
huitaidou.com,0
mybloggerclub.com,0
lenouvelliste.com,0
creativeindustries.ru,0
amone.com,0
landhoteldiever.nl,0
dufunpay.com,0
jordanstore.com.co,0
ercankurtulusmakina.com,0
youngstar.cc,0
neverendservices.com,0
solo.to,0
gawlah.com,0
musconetcong.org,0
dvham.com,0
via-midgard.com,0
fluoxetine.ink,0
bistum-regensburg.de,0
escortlar423.xyz,0
emxycc.com,0
vita.com,0
genericviagramedicinenorx.quest,0
henryford.com,0
ciup.fr,0
toryburchoutletonline.com.co,0
nihongokentei.jp,0
verfassungsschutz-bw.de,0
yurist-po-alimentam.ru,0
vulkane.net,0
zoloftsertralinest.com,0
ncnwofct.org,0
thisisthehive.net,0
tamuseum.org.il,0
freddyvsjason.com,0
careerpilot.org.uk,0
timothyhay.org,0
ykntqli.cn,0
crownoil.co.uk,0
mobporn.pro,0
citac.org.cn,0
ceecert.com,0
wndrmuseum.com,0
tenthousandvillages.ca,0
bpsstudio.hu,0
wyciagarki.com,0
wise-box.cn,0
ziamzub.cn,0
rentonjournal.com,0
setonoya.co.jp,0
providerexpress.com,0
pokerfirma.com,0
majesticaussiepuppies.com,0
fourth.com,0
gopro.kr,0
uvs.jp,0
shipafrika.com,0
findingrover.com,0
radsportverband.at,0
kafiil.com,0
cnhangding.com,0
ifan-solution.com,0
empire8.com,0
time24.ru,0
ruka.fi,0
jlgja.cn,0
paslc.org,0
ethos.org.au,0
trsrockin.com,0
dtse.de,0
pixelstalk.net,0
czgunshopcenter.com,0
centralparknyc.org,0
wyndhamrewards.com,0
dallasinnovates.com,0
analendronate.top,0
wikiloc.com,0
drivinncryin.com,0
russianpussy.net,0
esatclear.ie,0
arsindustrialis.org,0
khangdien.com.vn,0
spacedoc.com,0
digipaper.fi,0
monkitsolaire.fr,0
tqfashion-jt.com,0
gorgeousgirl.com,0
cooknara.co.kr,0
spartangames.co.uk,0
lugaabrasiv.ru,0
gamefi.org,0
tmj4.com,0
leatherhoney.com,0
kaupatagonia.com,0
leurinkmode.nl,0
opened.ca,0
s95ryg.top,0
ijk189.cn,0
ammxd.cn,0
trwarszawa.pl,0
chavano.com,0
dab.de,0
etula.com,0
highlite.com,0
younger-posm.com,0
00seoer.com,0
childrensfoodtrust.org.uk,0
mouse.org,0
fpx.de,0
manablog.org,0
traffic-psychology-international.eu,0
hindujahospital.com,0
dienmaybim.com,0
dogbitelaw.com,0
don24.ru,0
thespermbankofca.org,0
wwex.com,0
bim.ir,0
icount.co.il,0
altstore.io,0
westernmagazine.org,0
bts.com,0
gtjc.ca,0
jornada.com.mx,0
mezase-bokizeirishi.jp,0
adrc.asia,0
superhoki89.site,0
fbpd.de,0
booksir.com.cn,0
tritonequipment.net,0
wehonorveterans.org,0
benaughty.reviews,0
cwa.ac.uk,0
sm-budowlani.pl,0
playingcards.io,0
thedopestshop.com,0
weact.org,0
addapptr.com,0
soundofsleep.com,0
quersvi.cn,0
superprof.ca,0
dgooc.de,0
famousbirthsdeaths.com,0
nimble-tax.com,0
questionmark.com,0
switch1.jp,0
shoplapointe.com,0
veterinarians.org,0
l3fpb623.top,0
morflot.ru,0
xindeping.com,0
meiqilaser.com,0
xn--21-7lci3b.xn--p1ai,0
famousmonsters.com,0
amghrun.cn,0
carnivalechicago.com,0
pggmenco.nl,0
yokkao.com,0
cagesideseats.com,0
vaccineinjurynews.com,0
webware.com,0
photostamps.com,0
silence.im,0
moskompleks.ru,0
adelaidecentralmarket.com.au,0
fjter.com,0
seoperfect51.ga,0
uznews.uz,0
soicau2nhay.info,0
karenmillen.me.uk,0
csmd5.com,0
ophpfyb.cn,0
pentaxphotogallery.com,0
dianbao.vn,0
cncbialystok.pl,0
fraport.de,0
hacktiv8.com,0
cwhf.org,0
santafechildrensmuseum.org,0
speedcbox.com,0
moderngardenrooms.com,0
theaa.ie,0
kickstart-innovation.com,0
strana.ru,0
lifetreechurch.com,0
lindseyeatsla.com,0
summit.com,0
hobbyco.com.au,0
leather.io,0
nsacct.org,0
antimusic.com,0
businesstimes.co.tz,0
agsmovers.com,0
e4e.org,0
accessdatabasedevelopers.com,0
viborglandogby.dk,0
crutchfieldonline.com,0
versorgungsatlas.de,0
kunainital.ac.in,0
metrocouncil.org,0
costco.co.jp,0
dip-net.co.jp,0
rechtschreibprufung.click,0
redpepper.org.uk,0
russians-diploms.com,0
braeustuben.de,0
bg-kliniken.de,0
hydgetpower.com,0
scottishpolicynow.co.uk,0
vastchina.cn,0
emugaming.com,0
thachanhviet.com,0
vallenevado.com,0
thebookkeeper.com,0
megane-board.de,0
x5b2d.com,0
schumann-portal.de,0
likno.com,0
iredirect.net,0
rockets.investments,0
hrtechoutlook.com,0
aat.gov.au,0
khbluebay.com,0
paradisola.it,0
bdtonline.com,0
webpagetest.org,0
simplehomesimplelife.com,0
techpluto.com,0
astro.it,0
nenrinya.jp,0
spv.ch,0
asbmr.org,0
small-bizsense.com,0
zephyrproject.org,0
niceridemn.org,0
gedamarket.com,0
suaramuhammadiyah.id,0
bearfoxmarketing.com,0
aljaafaria.mobi,0
greenzonemovie.com,0
betterrecipes.com,0
aprovaconcursos.com.br,0
papersera.net,0
aid.pl,0
mitoredlight.com,0
venus.io,0
votespa.com,0
therevealer.org,0
s-food.kr,0
mrquikhomeservices.com,0
chinazdmotor.com,0
adtech.de,0
3cat24.cat,0
perchinteractive.com,0
nkzsyvc.cn,0
d-fr7.com,0
hempmedjacksonville.com,0
davidwells.io,0
yarunjianshen.com,0
schottenland.de,0
billini.com,0
alifa-click.ru,0
colortunnel.io,0
virginianavigator.org,0
victoriagowns.ru,0
sesammarket.com,0
napi.hu,0
objectcache.pro,0
dbfgmdl.cn,0
osthimer.com,0
instride.com,0
paydayloanpennsylvania.org,0
cheihod.ru,0
tgcom24.it,0
hilldickinson.com,0
greencabmadison.com,0
xn--80agfnapealkb2aqk9a.xn--p1ai,0
kneron.com,0
csoe.org.cn,0
geekmaxi.com,0
pc17.com.cn,0
pontevedra.com,0
rointe.com,0
valleycommunityclinic.org,0
jnqzqy.cn,0
colombotelegraph.com,0
soldano.com,0
achetercialis2022.quest,0
iplease.io,0
testrigtechnologies.com,0
song-list.net,0
saintstephensgreen.com,0
actionnewsjax.com,0
poker.com,0
howtomechatronics.com,0
film-festival.org,0
propertybrokers.co.nz,0
prescouter.com,0
gddhmy.top,0
bottegaspa.com,0
hkcs.org.hk,0
overlandstorages.cf,0
domopravitel.com,0
beegfs.io,0
j-sda.or.jp,0
aoi-pro.com,0
enofylzwineblog.com,0
luolioo1.top,0
financetemp.com,0
xn--h1aeegmc7b.xn--p1ai,0
palungjit.com,0
hatcountry.com,0
hnwst.gov.cn,0
hotforinterracial.com,0
zhukovskiy.ru,0
windsurfercrs.com,0
bowlmor.com,0
bazararg.com,0
miniso.co.ke,0
sstangcai.com,0
tagilathletics.ru,0
jrjingshan.com,0
fulinva.cn,0
chaopinmeng.com,0
nitrobahn.com,0
worldlacrosse.sport,0
romana.ru,0
deqchgv.cn,0
venezia.pl,0
shahzadidevje.com,0
poonamdua.com,0
spswmw.cn,0
gasforclimate2050.eu,0
bonnyin.es,0
cogentco.com,0
sandrasamburg.com,0
ymanci.fr,0
calientecasinoa.com,0
bambergerpolymers.be,0
misshsaa.com,0
xdxsfjk.cn,0
shetravels.eu,0
fspe.ru,0
radyoizmit.com,0
seedsofdeception.com,0
foulabook.com,0
strangeattractor.co.uk,0
fromhispresence.com,0
ubersuggest.com,0
acara.edu.au,0
scxinzhiyang.com,0
celebree.com,0
bris.ac.uk,0
jnbangao.com,0
cheapestdestinationsblog.com,0
cdm.lu,0
haopz8.com,0
astro.hr,0
erinjeannemcdowell.com,0
nothingbutnets.net,0
princeshotchicken.com,0
cozycottagecute.com,0
icanonlyimagine.com,0
agefi.fr,0
sence.cl,0
freethegrapes.org,0
espnfrontrow.com,0
djkj365.cn,0
megapixel.cz,0
pxstnw.cn,0
trudo.nl,0
liquidimageco.com,0
kosmos.ch,0
spirehealth.com,0
bonanza88.love,0
eataly.ca,0
theglasshammer.com,0
fiberoptics4sale.com,0
jeffvandermeer.com,0
cavilam.com,0
chateau-rambouillet.fr,0
anu.sh,0
gzdongjunhg.com,0
nu.ac.bd,0
madd.ca,0
ree-m.co.kr,0
sinoma.cn,0
yuatsusyuuri.com,0
kronosweb.cl,0
sanatate-mentala.ro,0
ingres.com,0
site-book.net,0
smartbox.com,0
idexpertscorp.com,0
favinks.com,0
bmscustomerconnect.com,0
thepigsite.com,0
republicanags.com,0
rivers.com.au,0
beachmonkeycafe.com,0
marjane.ma,0
escortlar138.xyz,0
dreamcruiseline.com,0
beastpdx.com,0
zti.hu,0
thematrix101.com,0
greenpacks.org,0
ingbank.com.tr,0
wrhambrecht.com,0
corblund.com,0
portalaltotiete.com.br,0
datarespons.com,0
mythoranium.com,0
omgjapan.com,0
gaqm.org,0
examnr.io,0
ladoshki.com,0
horsesandheels.com,0
departements.fr,0
mediaservice.net,0
phonedb.net,0
wellborn.com,0
plantnet.org,0
cinefex.com,0
mapmyfitness.com,0
stripchat.cool,0
qiluzhongyi.com,0
big-kool.com,0
pawb.social,0
joomline.ru,0
cornwalls.co.uk,0
serviziocivile.it,0
seijoishii.co.jp,0
viacure.com.tr,0
pip-installer.org,0
swagup.com,0
keepingthepeas.com,0
danhamiltonrealestate.com,0
fsfuding.com,0
futuremagmusic.org,0
jobmed.ru,0
pdf-xchange.com,0
cispimmunize.org,0
twinfm.com,0
nysocialsolar.com,0
bma.de,0
better-leader.com,0
choice360.org,0
tatersalad.com,0
maksavit.ru,0
chuangbang1.cn,0
szbangen.cn,0
tibosoftware.com,0
aurougra.com,0
yarr.org.uk,0
keltenwelt-glauberg.de,0
computerbellross.com,0
unifab.com,0
kkzsxxa.cn,0
visitwestchesterny.com,0
amorbach.de,0
rongyuwenhua.com,0
daumpotplayer.com,0
cityofnewiberia.com,0
theborderchronicle.com,0
cerberus-chain.be,0
ideal-investisseur.fr,0
alwybj.com,0
automobil-produktion.de,0
schleefht.de,0
gamescom.de,0
jamaran.ir,0
accountant24.org,0
mtecbo.gov.br,0
meadowbrookhall.org,0
docsociety.org,0
5dimes.com,0
caiyunle.com,0
st1.fi,0
errare-humanum-est.org,0
maifeminism.com,0
copycat.com,0
lib100.com,0
hvftfnd.cn,0
championlubes.com,0
sinoright.net,0
bilblogger.no,0
feiqizhili.cn,0
ydjywx.com,0
cfaf.com.au,0
siza.ma,0
driversprep.com,0
52weeksofux.com,0
xxxvideo.name,0
thehopepage.org,0
wneaga.com,0
ibdrelief.com,0
aldrichart.org,0
unlucky-gaming.co,0
nbu.edu.cn,0
giorgiotave.it,0
edelmanberland.com,0
kyotobank.co.jp,0
americanstandard.com,0
tom-super.com,0
mobilepornsites.net,0
keyplmr.cn,0
zdrav.ru,0
xn--b1afbzllkd.xn--p1ai,0
protoneer.co.nz,0
azanimalactors.com,0
srhfybs.cn,0
hodkiewicz.com,0
centrocomercialpulpi.es,0
uhuimbx.cn,0
etangzeng.cn,0
misfitanimals.com,0
runasperuviancuisine.com,0
greenpromocode.com,0
yoreparo.com,0
diy-kitchens.com,0
polo-ralphlaurens.com.co,0
biird.co,0
mosi.org,0
educagri.fr,0
nickmalgieri.com,0
millanova.com,0
verdistyle.ru,0
kids-bookreview.com,0
guiaosorno.cl,0
peoplise.com,0
crackacoldone.com,0
awin68k2.com,0
pod.fo,0
kuramadera.or.jp,0
71nc.cn,0
zakolduj.ru,0
venturacountystar.com,0
bridgeclimb.com,0
chiefs.co.nz,0
g-oi.cn,0
gamax-motor.cz,0
mikroteatret.no,0
coppmo.ru,0
doublebearproductions.com,0
aetnabetterhealth.com,0
lazienkiportal.pl,0
maasziekenhuispantein.nl,0
ptcollege.edu,0
viamond.tech,0
mostbet-rf.xyz,0
dehogedijk.nl,0
scd.cl,0
demolay.org,0
bikeadvice.in,0
hotelunion.us,0
ennaph.best,0
safer-print.com,0
eventsquid.com,0
usatodaysports.com,0
158cnc.com,0
otobushaber.com,0
xingshanzhaopin.com,0
aartsbisdom.nl,0
australianhiker.com.au,0
beyondkimchee.com,0
linux-community.de,0
germangoogirls.com,0
csubak.edu,0
jewelryjealousy.com,0
sarkariexam.com,0
fsb26.ru,0
maserati.it,0
liebscher-bracht.com,0
partyparty.jp,0
politicalgraphics.org,0
labour.gov.hk,0
cityofeastpoint.org,0
europeanschoolnetacademy.eu,0
myukmailbox.com,0
fin.co.id,0
westerveltrecreation.com,0
englishgrammar.org,0
webseiten.cc,0
ph-ooe.at,0
pt-360.com,0
lumsa.it,0
escortlar159.xyz,0
aussiewritings.com,0
instonminerals.com,0
sequoyahregionallibrary.org,0
suxinyoga.com,0
color.review,0
hfmpos.com,0
kregtool.com,0
075393.com,0
exchangeratewidget.com,0
gjust.ac.in,0
200degs.com,0
molotow.com,0
lifeway.net,0
beursvanberlage.nl,0
find-job.net,0
weifanxin.com,0
suaopiniao1.com.br,0
shana.ir,0
mountainsidehosp.com,0
xmdaqu.com,0
quantum-journal.org,0
youthmedical.org,0
destartersgids.nl,0
datarade.ai,0
nearbycafe.com,0
mappywiki.com,0
oregonhazelnuts.org,0
krief-ins.co.il,0
resilio.com,0
fuxinzx.cn,0
sanshusha.co.jp,0
kabirmsss.com,0
townscript.com,0
jetfly.hu,0
ceramtec.com,0
horse-shop.net,0
prestigehotelsandresorts.com,0
yucaimall.com,0
789bet.movie,0
zakon-ural.ru,0
portofantwerp.com,0
deltacommissaris.nl,0
eholiday.pl,0
apkmodougg.best,0
sirokydul.cz,0
stihl.com,0
enxnc.com.cn,0
247tyreassist.co.uk,0
johantextile.com,0
eandrologia.pl,0
www.eu.dk,0
blazegraph.com,0
seobacklinks172.tk,0
amghskk.cn,0
chrisguillebeau.com,0
xxxpornsexmovies.com,0
gs781pf.top,0
alphabaymarket24.com,0
qiukgh.cn,0
microcare.com,0
drummondgroup.com,0
goznak-diplomik.com,0
blogdiario.com,0
pollstarpro.com,0
boxtorrents.com,0
massapothecary.com,0
shinronavi.com,0
weswallaceradio.com,0
abc10.com,0
cheap-canadagoose-sale.com,0
candyonline.nl,0
xiaoxiongoaabc.cn,0
desirsdavenir.org,0
huffer.best,0
vollmer-group.com,0
4d-shuttle.com,0
dagligkonst.se,0
nebelwelt.net,0
afrikmag.com,0
grafisch-ontwerp.org,0
venezuelanalysis.com,0
cacmalaga.eu,0
pinupz.in,0
iyfusa.org,0
regretfulmorning.com,0
sz1001.net,0
chudesenka.ru,0
bracelet-pandora-bijoux.fr,0
tom-crystal.cz,0
in70mm.com,0
lilafgq.cn,0
scpauctions.com,0
redsox.com,0
ako.nl,0
meteor.ie,0
injsbgf.cn,0
vroom.com,0
clickpetroleoegas.com.br,0
dutaz.com,0
gaziantepsefkateli.com,0
rfssj.com,0
albanyoregon.gov,0
multeciler.org.tr,0
campfirenyc.com,0
slounik.org,0
kaprila.com,0
ravnsborg.org,0
hr-home.co.uk,0
ricardo.ch,0
simasbolaslot.shop,0
visitproteus.com,0
etalon69.ru,0
tissus.net,0
etsubucs.com,0
study-online.net,0
ecglibrary.com,0
sushiden.net,0
mojinmedia.com,0
15307.com,0
homelectrical.com,0
ahesjfa.cn,0
cap-markt.de,0
masterfoods.com.au,0
louisvilleky.gov,0
dingfengjr.com,0
expr3ss.com,0
missionca.org,0
chwebmediaagency.com,0
ergc.co.za,0
viagra2us.top,0
soicaudb.com,0
drewnoakes.com,0
bxbio.com,0
fulirbh.cn,0
machtfit.de,0
economy.gov.az,0
saintmarysreno.com,0
visitsoutherndelaware.com,0
jiogmst.cn,0
vsa-verlag.de,0
knowi.com,0
ptsdassociation.com,0
mykoho.jp,0
ecosalon.com,0
cesumar.br,0
fatsecret.ca,0
kerc.or.jp,0
islamtalk.ly,0
httptoolkit.tech,0
next-decade.com,0
879617.com,0
teambuildr.com,0
conventodoespinheiro.com,0
newgrounds.com,0
lairdsuperfood.com,0
elkvalleytimes.com,0
at-s.com,0
innovadiscs.com,0
sportybet.com,0
jjl.cn,0
op-reis.com,0
visugpx.com,0
ehomevalues.net,0
dmm.co.jp,0
ubuntu-touch.io,0
pytorchlightning.ai,0
clickclickclick.click,0
nccpg.com,0
marmara.com,0
thesimpledollar.com,0
amywinehouse.co.uk,0
hanayume.com,0
topseoservices.net,0
cialisytab.quest,0
vermeerdelft.nl,0
findmyadvertiser.com,0
czerwoneiczarne.pl,0
securecomputing.net.au,0
dolphins-world.com,0
promujer.org,0
610600.com,0
scottmanning.com,0
municipalwinemakers.com,0
healthyplanet.org,0
aurrigo.com,0
qhhongmei.com,0
toplines38.gq,0
emuverse.com,0
foodshuttle.org,0
steria.com,0
chou-shop.cn,0
hvadvilduvide1.ga,0
airship.co.uk,0
plumbingorangecountyca.com,0
quickline.ch,0
forgiato.com,0
zurichna.com,0
szhuanle.cn,0
payner.bg,0
purpledevilproductions.com,0
surgeater.com,0
zachstronaut.com,0
concretecharlottenc.com,0
msfhr.org,0
roogetslifted.com,0
ussf2010.org,0
therealplaces.com,0
x20.org,0
freewill.com,0
bakersjournal.com,0
webvet.ru,0
sitecore.net,0
nobr.ru,0
jcbctv.com,0
nike-airmaxs.fr,0
mxstkw.cn,0
firemansfund.com,0
doubledubs.com,0
xinxinbaoli.com,0
kshof.org,0
ontic.co,0
esneft.nhs.uk,0
opera-lyon.com,0
dewijdewereld.net,0
jansdotter.com,0
profit-over-life.org,0
computertraining.nl,0
stxoutdoorliving.com,0
kellysthoughtsonthings.com,0
mobilexpression.com,0
nps.edu,0
tlktt.com,0
qxshww.cn,0
maineventphotography.co.nz,0
hzbinbin.com,0
transdigm.com,0
labelhridya.com,0
kongjieriji.com,0
seatiniuganda.org,0
halfbakery.com,0
autosama.com,0
gunboards.com,0
wagenschenke.ch,0
hncmcl.com,0
cilea.it,0
nieuwehond.nl,0
gxqwpyr.top,0
hungrybrowser.com,0
gruppoapi.com,0
wein-plus.de,0
leesfeedlockeford.net,0
siurgtu.ru,0
cctvnews.co.kr,0
pphzz.com,0
nkslfw.cn,0
framalibre.org,0
weekend-esprithautsdefrance.com,0
telcosought.com,0
verafin.com,0
uevora.pt,0
hotelverlooy.be,0
onepercentfortheplanet.org,0
youngliving.com,0
openebook.org,0
rosewood.edu.na,0
mma.su,0
realvantage.co,0
furosemide.best,0
therestartpage.com,0
kedgebs-alumni.com,0
mostbet-uz.net,0
tadalisxs.com,0
luxuryfamilyhotels.co.uk,0
farmerjohn.com,0
789ai.app,0
obihai.com,0
ainisem.cn,0
keyrus.com,0
ihatewimcovillas.org,0
compreem.com,0
omnia.com.mx,0
batchblue.com,0
tjpnet.gov.cn,0
ethiquable.coop,0
msrit.edu,0
zbyccy.com,0
bornmagazine.org,0
minimalismmadesimple.com,0
ahguakao.cn,0
rl-transport.org,0
misas.org,0
kunstmuseumthun.ch,0
trinityeyehospital.com,0
bbbk.net,0
topdanmark.dk,0
zhenailu.com,0
svmicrowave.com,0
mengyinzhaopin.com,0
lghz007.com,0
withoutyourhead.com,0
illustrationfriday.com,0
vai.org,0
lihi2.cc,0
ascentis.com,0
ratfactor.com,0
notquitenigella.com,0
ythengxinda.com,0
emailco.ir,0
nationaltrappers.com,0
sciencehackday.org,0
helge.at,0
fxtqhp.com,0
gedesto.be,0
factoidz.com,0
visitsitka.org,0
xxxbit.com,0
aun.edu.eg,0
allairlinesoffices.com,0
ccbchurch.com,0
suttoncenter.org,0
ufsc.br,0
cspe.edu.hk,0
guamagentorange.info,0
magnitogorsk-citystar.ru,0
pgfn.gov.br,0
carbonfibergear.com,0
favoritepoem.org,0
fftoolbox.com,0
fh3tt.com,0
homepressurecooking.com,0
kindergartenworks.com,0
escuderia.com,0
bucketlistly.com,0
bullstreetsc.com,0
nonamehiding.com,0
solucoesindustriais.com.br,0
wwknxhd.cn,0
xplico.org,0
thebayswaterplayers.org,0
winemag.com,0
flftdln.cn,0
healthambition.com,0
jiumai88.com,0
superslot777.com,0
goldenjumpers.com,0
frontier.com,0
mantap21.city,0
rivervalley.edu,0
pointe-claire.ca,0
foundry.org.hk,0
netmark.pl,0
animasgr.it,0
pedlib.ru,0
acheiusa.com,0
whitehavennews.co.uk,0
florealpes.com,0
superljq08.com,0
meyouhealth.com,0
ha.org.hk,0
theolympian.com,0
vh1savethemusic.org,0
tv4e.gr,0
midnightoil.com,0
snackprompt.com,0
themade.org,0
eyeforfilm.co.uk,0
mycnote.com,0
agrosmart.com.br,0
turrgimnazium.hu,0
nnwb.com,0
gbhem.org,0
getopenspaces.com,0
ameblo.jp,0
epn.edu.ec,0
binions.com,0
lanxinwl.cn,0
startupamericapartnership.org,0
pinkfloyd.com,0
coolhunting.com,0
asalvision.com,0
playbloodstained.com,0
cessnaowner.org,0
cambio.com,0
1n9hc.cn,0
beautifuldu.se,0
xunjiepdf.com,0
q4ub.cn,0
bestmotoshop.ru,0
malatyadernek.com,0
baricipn.com,0
bongdanet.work,0
1000bulbs.com,0
nowatermarktik.com,0
theplayer.com,0
followmystream.com,0
chevrolet.com.br,0
xiaoanzhaozhao.com,0
globalenergyshow.com,0
avdg.de,0
panhaiqing.cn,0
tripletujuh.com,0
ascentascentqaarisoft.ml,0
ztjhwh.com,0
domonken-kinenkan.jp,0
hamburgermarys.com,0
alpha-solar.info,0
estateagenttoday.co.uk,0
giannelli.com,0
gabriel.dk,0
qxcase.com,0
bawabali.com,0
cityofwestfield.org,0
jh0756.net,0
zzazumedia.ru,0
bcbikerace.com,0
buymedlife.com,0
lokcetekstil.com,0
nzic.org.nz,0
ourcivilisation.com,0
casinositeleri-giris.com,0
50306.vip,0
doxycycline.lol,0
sketchpad.net,0
oetker.com,0
provadis-hochschule.de,0
dydata.io,0
renhehaoche.com,0
cnsoc.org,0
wrshealth.com,0
moneris.com,0
gateshead.gov.uk,0
flowbite.com,0
smmpanel.sbs,0
307859.com,0
dyashl.cfd,0
steubencourier.com,0
furonghaiyun.com,0
szdome.com,0
alexismabille.com,0
orava.sk,0
troyohio.gov,0
pergoflooring.com,0
followfashion.nl,0
brasilcn.com,0
vladimirspivakov.ru,0
sebraesp.com.br,0
vinkencaravans.nl,0
linux-magazine.com,0
sare.org,0
communityheartandsoul.org,0
hlcz.de,0
rcbo.org,0
bibliu.com,0
newyorkseooptimization.com,0
sympla.com.br,0
logger.co.kr,0
darioitem.net,0
sunport-hall.jp,0
anodizing.org,0
sj63.com,0
cheerleading.com,0
sjovfamilie3.tk,0
bunkersnack.se,0
glaskoning.nl,0
superiorbyways.org,0
mkutepliydom.ru,0
annies-eats.net,0
mediajustice.org,0
electro5.com,0
reelfilm.com,0
zagranitsa.com,0
qrdojjr.cn,0
thewranglerbar.com,0
babushky.me,0
swissonline.ch,0
cathouse-fcc.org,0
traversecity.com,0
debitoor.de,0
karupsworld.com,0
glenfarclas.co.uk,0
burtonsgrill.com,0
fca319.cn,0
buysynthroid.monster,0
johnsolomonreports.com,0
cr-champagne-ardenne.fr,0
tysteelball.com,0
angloamericanoptical.co.uk,0
esadse.fr,0
i2m.de,0
podrobnosti.ua,0
growingscience.com,0
riskfactor.com,0
limitlesso.com,0
millionairematchapp.us,0
lawfirmleague.com,0
iase-web.org,0
hypnosisdownloads.com,0
morawski.eu,0
likewize.com,0
leedsmet.ac.uk,0
chemonics.com,0
cnyangjiang.cn,0
dinsakerhet.se,0
yqct518.cn,0
world-words.com,0
myvirtualmission.com,0
buymetformin.best,0
friendsoftibet.org,0
mtzionum.com,0
innovative-sol.com,0
mpexsolutions.com,0
tpcs.ca,0
researchgiant.com,0
grocerybudget101.com,0
absten.cfd,0
derrickriches.com,0
bjxjzd.com,0
cialiselara.com,0
btcvn.org,0
miiggbl.cn,0
shaws.com,0
elawtalk.com,0
wolseleyexpress.com,0
mannyssteakhouse.com,0
simplysugarandglutenfree.com,0
escapefromtarkov.com,0
clm.nl,0
gogovernment.org,0
ckgcontractors.com,0
momspotted.com,0
enz.org,0
laborlawyers.com,0
everybodyfights.com,0
magnolia-cms.com,0
impotencecdny.com,0
americaunitedwithisrael.org,0
wvsihnd.cn,0
liberaloasis.com,0
resellitforprofit.com,0
worksharptools.com,0
thedailyideainc.com,0
reliancenipponlife.com,0
serenitygardentea.com,0
ponpesjihadulummah.com,0
mochimedia.info,0
bigbarker.com,0
shoupaiseo.com,0
randmcnallydockupdate.com,0
svcmutual.com,0
zhichirr.com,0
gunpowderrestaurants.com,0
ethicalhacker.net,0
sundhedspolitisktidsskrift.dk,0
mooture.com,0
ni.dk,0
synergystore.ru,0
eggstaett.de,0
zxmco-ebike.com,0
dolmarket.com,0
yzeeq.cn,0
show.me.uk,0
ourescapeclause.com,0
sportsclubstats.com,0
pgalinks.com,0
bacardijapan.jp,0
balikesirbayanescort.net,0
cr173.com,0
context.cx,0
discoveryacton.org,0
lliria.es,0
ferencvaros.hu,0
solucionesajax.com,0
searsclean.com,0
tool.la,0
ubuyama-v.jp,0
natalibrilenova.ru,0
prahs.com,0
complexification.net,0
cometothecook.com,0
petside.com,0
gemeenteberkelland.nl,0
smoktech.com,0
einetwork.net,0
decoart.com,0
wellarmed.us,0
e-vrit.co.il,0
muddyrivernews.com,0
passatworld.ru,0
thinkingautismguide.com,0
royaltyforever.com,0
buyclonidinep.com,0
htdta.cn,0
triblive.com,0
buydisulfiram.life,0
thinkwithniche.com,0
china-ytly.com,0
ribbon-exchange.com,0
farfuture.net,0
dinafinanser.se,0
gzhesha.com,0
freizeitpark-plohn.de,0
atnorth.com,0
jn66666665.com,0
yhd2.pics,0
ocr.org.uk,0
nowytarg.pl,0
finasteridehr.com,0
gktatul.cn,0
clearasil.us,0
c-n.com,0
ubbink.nl,0
resortsac.com,0
dekruidenbaron.nl,0
bluthner.cn,0
asphalt-southflorida.com,0
benicar.company,0
hairlosshelp.com,0
yeswriting.com,0
straatosphere.com,0
patriotgetaways.com,0
rosettanet.org,0
karljenkins.com,0
buykamagra.monster,0
cultura.gov.py,0
signalscv.com,0
newyingpay.com,0
tube-tester.com,0
cnge.fr,0
preservationdental.org,0
cereconline.com,0
czxmjy.com,0
jiashibd.top,0
leiaox.com,0
linkingbookmark.com,0
frdc.com.au,0
nbuli.com,0
seeso.com,0
hnmenggou.cn,0
wandongkj.com,0
sitongceramics.com,0
brangocasino.world,0
mairie-crest.fr,0
lap-publishing.com,0
950896.cn,0
westonebathrooms.com,0
ayalamuseum.org,0
webstyles-portuguese.info,0
hobba.co.kr,0
progressionbusiness.com,0
lums.edu.pk,0
levalet.xyz,0
hdrhdr.com,0
lyyouxi.com,0
japan-zone.com,0
rusbonds.ru,0
bumpodo.co.jp,0
republic-online.com,0
dglive.be,0
filmbox.com,0
roerich.org,0
flos-freeware.ch,0
equipboard.com,0
grinnellmutual.com,0
schiller.ch,0
gfi.org,0
airecentre.org,0
lamarsf.com,0
kunnat.net,0
naijamoviez.com,0
tjsiliao.cn,0
fate-sn.com,0
drxyuecz.cn,0
ibc-solar.de,0
cobosocial.com,0
thecreativevan.com,0
rugraphics.ru,0
seniorenwonne.de,0
meetlesbianfriends.com,0
serverless.com,0
odysseyworkshop.org,0
webresizer.com,0
xiupengsong.top,0
malindalo.com,0
gxhewei.cn,0
huashigeye.com,0
netor.com,0
tutor4u.net,0
scientopia.org,0
childrenshealthcarecanada.ca,0
management-hub.com,0
marinscope.com,0
calypsocabaret.com,0
fortnitecreativehq.com,0
digiforests.com,0
nil.nl,0
werkhaus.de,0
boxopus.com,0
tsn24.ru,0
gazarte.gr,0
effectory.nl,0
rosgranitsa.ru,0
juroku.co.jp,0
apsoc.org.au,0
cagliaricalcio.net,0
tropicaltidbits.com,0
fb.me,0
russiaplaypokerdom.com,0
2y.by,0
sudco.com,0
will-law.org,0
wordlisans.com,0
homedesignersoftware.com,0
heraldseries.co.uk,0
moskva-intim.city,0
wildstar-online.com,0
ristrettocoffeelounge.com,0
enotria.nl,0
pxkponx.cn,0
codevz.com,0
dolr.org,0
awlewa.best,0
momarandu.com,0
hyogo-u.ac.jp,0
amis.com,0
betadwise.com,0
parkbridge.com,0
iskra-news.info,0
diankakc.com,0
lochness.co.uk,0
silvretta-montafon.at,0
cam.ac.uk,0
inktober.com,0
amonline.net.au,0
telegid.tv,0
qvcredit.sg,0
moblerscandinavia.com,0
bacrr.com,0
outdoorunderwriters.net,0
efficientfrontier.com,0
malecanadp.com,0
s-microsoft.com,0
project-home.ru,0
tableandeve.com,0
fivefilters.org,0
aalalps.cn,0
zmhgroup.cn,0
cincinnatihousekeeping.com,0
cityescortsmumbai.com,0
fukuwarai.net,0
investinontario.com,0
the-webcam-network.com,0
abenson.com,0
guidesocial.be,0
texasgermanhistory.cf,0
vesti.news,0
donationtown.org,0
disneyholidays.co.uk,0
kenschool.jp,0
allwebco.com,0
moncleroutletjacket.us,0
trivago.ca,0
uploadvr.com,0
didyouknowfacts.com,0
juvefc.com,0
pilsnerurquell.com,0
dchuskies.football,0
ramblingtart.com,0
eurolive.jp,0
dolnyslask.pl,0
electronics.ru,0
truereligionoutletjeans.us,0
apptuts.net,0
activant.com,0
mucsarnok.hu,0
gr8fires.co.uk,0
atlasescorts.com,0
saffron.com,0
haycbl.com,0
edtadap.com,0
cantook.net,0
easylowcarb.com,0
your-yoga.ru,0
crossroadsguitarfestival.com,0
josephzapantis.com,0
eenz.de,0
makerdao.com,0
bazaarvietnam.vn,0
luli123.com,0
tptools.com,0
pistis.com.ng,0
hairclub.com,0
barnsleycivic.co.uk,0
miin-cosmetics.com,0
paumanok.com,0
televar.com,0
allianceinsulationinc.com,0
fohz.de,0
tfyfxzh.cn,0
ororc.com,0
eduk12.net,0
shangshantong.com,0
7digital.com,0
handlebar-online.com,0
webcambiglook.com,0
webboh.it,0
jakeheggie.com,0
corpus.co.il,0
nevadasagebrush.com,0
mailplus.co.uk,0
realwire.com,0
dcsclaim.com,0
inhuisplaza.nl,0
kievbusinesscentre.com.ua,0
cleanroomtechnology.com,0
elextranewspaper.com,0
cyclingweekly.com,0
hoki69.com,0
mediabruh.com,0
getcircuit.com,0
girlontopporn.com,0
transpring.com,0
oowa.cn,0
kristall43.ru,0
sfrealtors.com,0
seniorennet.be,0
kraiburg-tpe.com,0
pariurix.com,0
hgmszx.com,0
fundwise.com,0
santamargheritawines.com,0
hoytamaulipas.net,0
rideau-info.com,0
daenischesbettenlager.de,0
ekodenge.com,0
fsva.de,0
treknews.de,0
stlrcga.org,0
racetrack.top,0
accem.es,0
allporncomic.com,0
practicallaw.com,0
medinamica.com,0
project2049.net,0
golfhomes.com,0
pituitary.org.uk,0
zgyspp.com,0
watagames.com,0
rusmetgroup.ru,0
californiacitynews.org,0
intercityhotel.com,0
op.ac.nz,0
healthyfocus.org,0
shanghaijiaolong.com,0
625555.net,0
xhqtkfr.cn,0
sulpak.kz,0
onlinecasinohex.nl,0
stasyq.com,0
compass.it,0
greenbenchbrewing.com,0
wonder-wall.com,0
daytrotter.com,0
boydsgunstocks.com,0
ideocolab.com,0
hbsknw.cn,0
79ic8e.net,0
webitcoin.com.br,0
visitrichmond.co.uk,0
revivalbuildersinc.com,0
wbt161717.com,0
everwave.de,0
humanrights-geneva.info,0
zoopark.cz,0
opisnet.com,0
empower-vrpark.com,0
nordicglobal.com,0
johnvansickle.com,0
konami-castlevania.com,0
aspsf.org,0
szweibi.com,0
4vn.de,0
johnoates.com,0
mylimobiz.com,0
gearrice.com,0
chateaudepommard.com,0
upclassifieds.com,0
flightsafety.com,0
thinakaran.lk,0
wx511.cn,0
nblaike.com,0
00iiit.cn,0
digitalproduction.com,0
codespeedy.com,0
pika.style,0
polyvore.me,0
battlemetrics.com,0
irwintools.com,0
myxzms.com,0
titlecapture.com,0
detroittitans.com,0
safetyandcarecommitment.com,0
teldevice.co.jp,0
horus-casino.com,0
forgexs.com,0
ahrensburg.de,0
xfree.ne.jp,0
augsburg-tourismus.de,0
menocom.ru,0
bhaz.de,0
canadianpharmacybestrx.com,0
wellfactor.org,0
world-psi.org,0
daysinneunice.com,0
sxrlzc.cn,0
shzmqhj.com,0
lg.lv,0
ggxcx.top,0
zacatrus.es,0
poweredbygamespy.com,0
treetops.com,0
playkettering.org,0
novafm.com.au,0
xn--spillemaskinerpnettet-62b.dk,0
sportsmediet.dk,0
i-sh.co.kr,0
mschildrensmuseum.org,0
vinconiu.cn,0
thegayuk.com,0
prtbzh.com,0
earlybrawd.com,0
supremecourt.gov.ng,0
mymoneywizard.com,0
sigmanu.org,0
martech.org,0
republicbank.com,0
20minutos.es,0
klett.ch,0
buzzworthy.com,0
pbrana.cz,0
passca.net,0
gillesvidal.com,0
repddome.com,0
guozhivip.com,0
550909.com,0
bccls.org,0
veganz.de,0
gravatar.com,0
fitnessfirst.com.sg,0
wokingconservativeclub.co.uk,0
wp.mil.pl,0
happygoblin.com.au,0
fellesmosjon.no,0
aceloans.org,0
scamalytics.com,0
hometone.com,0
physicsessays.org,0
neighborland.com,0
healthcoachinstitute.com,0
cyc.org,0
getessay.biz,0
thefutureorganization.com,0
allatlas.ga,0
phoneburner.com,0
vendegvaro.hu,0
asp-shareware.org,0
asacostat.shop,0
taskar.online,0
18dentistms.com,0
farside.co.uk,0
andrewmacarthy.com,0
ieta.org,0
kristenprobyauthor.com,0
linearsystems.com,0
zodist.com,0
improvado.io,0
packingsworld.com,0
tiltify.com,0
tribal-tattoo.ru,0
nywift.org,0
icwsm.org,0
airlinkaviation.aero,0
sayhi.com,0
33rdsquare.com,0
casinoonline.lt,0
techviewleo.com,0
rescuethemes.com,0
mediadecision.com,0
knqfypp.cn,0
chinasanofi.com,0
canadiancasinoonline.org,0
healthymaster.in,0
foxize.com,0
sky-links.net,0
eiotclub.com,0
flughafen-luebeck.de,0
yinonggarden.com,0
robopragma.net,0
sunpad.es,0
chci.org,0
enka.com,0
de-oosterpoort.nl,0
sddaku.cn,0
gotohoroscope.com,0
recipeteacher.com,0
sarahmaker.com,0
cryolife.com,0
hocolights.com,0
cottontraders.com,0
mananshun.com,0
natureiraq.org,0
movetoamend.org,0
games.london,0
montessori-nw.org,0
canadianonlinepharmacysl.com,0
rw.net,0
blv.by,0
breitband-monitor.de,0
abc-belarus.org,0
wsmonline.com,0
wzhuofu.cn,0
toot.cafe,0
seattlemobileiv.com,0
meadowsmuseumdallas.org,0
shichengyouyuan.com,0
kuku.io,0
ibs.org.pl,0
adhs.info,0
trackpedia.com,0
leben.co.jp,0
jobibi.ru,0
meiliyouren.com,0
flatpriceautotransport.com,0
westandwillow.com,0
anthonyleger.com,0
staffcircle.com,0
diets.ru,0
blessthismessplease.com,0
northlakecollege.edu,0
westbeth.org,0
diariodolitoral.com.br,0
zannier.info,0
watchesreplica2m.com,0
theproblemsite.com,0
paiste.com,0
sapporo-park.or.jp,0
baiyunu.edu.cn,0
namdinh.edu.vn,0
fnm.ma,0
habitat-humanisme.org,0
sexv.video,0
uscommbroward.com,0
fonts4free.net,0
grupbalana.com,0
clichesdumonde.fr,0
junipersys.com,0
unespar.edu.br,0
ottawa-airport.ca,0
haakaa.co.nz,0
jesuit.org.uk,0
hubpgslot.com,0
goteaminternet.com,0
dumbingofage.com,0
narakeet.com,0
amejy.cn,0
schwimmerlegal.com,0
magicalquote.com,0
iglhrc.org,0
norbz.org,0
uihc.org,0
motsbouche.com,0
ordinals.market,0
domore.ag,0
elmarplatense.com,0
ncc.edu,0
crazyfamilyadventure.com,0
canadianonlinepharmacywest.com,0
wijninstituut.nl,0
frenchbulldogowner.com,0
apartmanyjavor.cz,0
coffeecupsandcrayons.com,0
sparklesofsunshine.com,0
ininternet.org,0
der-reporter.de,0
ggstermo.ru,0
ifr.org,0
shdajiuzhou.com,0
hkfree.org,0
siomex.com,0
agrifarm.ro,0
pspxwgh.cn,0
inovorks.com,0
zimparks.org,0
bnmc.org,0
parquearvi.org,0
afceachapters.org,0
organicindia.com,0
satta-result.org,0
oremichi.com,0
usabilityblog.de,0
nodara.pics,0
dungeondelights.com,0
pawprint.net,0
spbcr.ru,0
syntrillium.com,0
ahacentre.org,0
chpadblock.com,0
tpejdvl.cn,0
unil.ch,0
taylorlife.com,0
mont-blancpens.name,0
hapekidstoys.com,0
whatshouldimakefor.com,0
watchutyai.ac.th,0
datacenter-insider.de,0
svenljunga.se,0
dood.sh,0
preventyogalnjury.com,0
jnguanjia.com,0
baomulaobao.com,0
vdrsystems.com,0
engineersedge.com,0
caddoschools.org,0
fcn.dk,0
bariwon.com,0
menwedding.ca,0
vitma-s.ru,0
cialisctabs.com,0
rank1-media.com,0
coupler.io,0
airport-suppliers.com,0
usliabilityinsurance.org,0
te.ua,0
ctadigital.com,0
myitwww.cn,0
watersthotel.com,0
gregmckeown.com,0
spotvirtual.com,0
goldenboypromotions.com,0
jkchinasourcing.com,0
milepost.com,0
garagefloor.org,0
mmnews.de,0
seattle-facelift.com,0
sarahwinward.com,0
scooternews.nl,0
qpha.in,0
pixela.co.jp,0
fatalencounters.org,0
hn871.cn,0
aalabfs.cn,0
starandshadow.org.uk,0
topsoft.ch,0
o408cu.cn,0
sms-yunma.com,0
pay680.com,0
broadbandmechanics.com,0
partnersuchefursingles.de,0
twylatharp.org,0
biotest.com,0
atarashiichizu.com,0
thezon.com,0
emsz.de,0
byterry.com,0
yoga-bokel.de,0
1xs1j5.top,0
tokens.com,0
21so.com,0
qualitytimeapp.com,0
ilovetheupperwestside.com,0
msk.su,0
cantunsee.space,0
eizvestia.com,0
sembramedia.org,0
canadianpharmacy.pro,0
do-it-right-plumbing.com,0
xinminzhaopin.com,0
zzbffq.cn,0
vsa.com.cn,0
kstk.org,0
frankfortamerican.com,0
videosurveillance.com,0
highcampflasks.com,0
improveus.cn,0
discoveryone.com.au,0
bewusstsein-events.info,0
safetyjabber.com,0
source-code.biz,0
makro.co.za,0
lulutongjianshe.com,0
helloweb.kr,0
rootcasino-ua.com,0
musicboxfilms.com,0
scmidlands.network,0
sjssnw.cn,0
stmatthewscathedral.org,0
topvet.net,0
u-tel.ru,0
fulifgo.cn,0
historicsandusky.org,0
mbt-shoesoutlet.com,0
nylpi.org,0
kavalanwhisky.com,0
medexsupply.com,0
americanjewisharchives.org,0
mfpl.ac.at,0
australia420weed.com,0
13826280099.com,0
oewf.org,0
farmranch.org,0
souz.co.il,0
kangenwaters.life,0
pactivevergreen.com,0
delsys.com,0
zzwensi.cn,0
superghostblogger.com,0
bgcminnesota.org,0
indexreality.cz,0
uade.edu.ar,0
hokkaido-c.ed.jp,0
gobelsburg.at,0
mamydirect.com,0
luchthaven-antwerpen.com,0
gdacd.cn,0
efginc.net,0
laprovinciadibiella.it,0
mobilemall.pk,0
energiepodium.nl,0
e-schrott-entsorgen.org,0
kmbdby.com,0
exchangedistrict.org,0
shopsquare.co,0
sjb.com.au,0
miniroyale.io,0
jinghaihuanyu.com,0
envol-vert.org,0
advancedcell.com,0
clevrblends.com,0
indoorairsoftnj.com,0
maltatoday.com.mt,0
americanidiotonbroadway.com,0
eaglemagnets.com,0
paxqdcj.cn,0
cssn.cn,0
sc-sl.org,0
xixtube.info,0
musicnotesbox.com,0
prontopro.it,0
fudzilla.com,0
youhavedownloaded.com,0
ionabooks.com,0
dripbook.com,0
4p3k.cn,0
cslforum.org,0
onlineradiobox.com,0
hentai.xxx,0
neilmed.com,0
saltlickbbq.com,0
openmikes.org,0
paidu.us,0
bestlettertemplate.com,0
viprbrc.org,0
ufabreakaway.com,0
plainviewproject.org,0
vrtvingt.fr,0
ginosglass.com,0
gaana.com,0
ll-casino.com,0
susiemadrak.com,0
cprn.org,0
airjordan16retro.com,0
cyphort.com,0
hostreview.com,0
jwsuperthemes.com,0
espressoplanet.com,0
sxglzyxy.com.cn,0
nationalufocenter.com,0
win915.com,0
sq69bv6.top,0
thecopybot.com,0
liveatfootprint.com,0
pleegzorg.nl,0
lesports.com,0
myshop365.ru,0
yuantaimuju.com,0
starbuckseverywhere.net,0
besolfulliving.com,0
barmyarmy.com,0
climatemonitor.it,0
sznmi.cn,0
techmistake.com,0
dailythemedcrossword.info,0
sparkaction.org,0
caoc.org,0
aspensecurityforum.org,0
hssghhy.com,0
cdyjcw.com,0
espn.co.uk,0
voev.ch,0
chinaheichabrand.com,0
aagla.org,0
ssynth.co.uk,0
sd-renxinjx.com,0
allseasonsrent-all.com,0
elpatagonico.com,0
infoseek.co.jp,0
anka.africa,0
autoleap.com,0
immieats.com,0
sbu.edu,0
huiyong0736.com,0
xcritical.software,0
ccice.com,0
secureideas.com,0
gardenresearch.com,0
wicomt.eu,0
billbuxton.com,0
kk-closet.com,0
royalhomelifestyle.com,0
salmonbusiness.com,0
stromectoplls.com,0
technelysium.com.au,0
perfect99.com,0
tuinmeubelland.nl,0
alquilercarroscartagena.com,0
qkratee.cn,0
granolaontheside.com,0
toscanamedianews.it,0
xebecar.com,0
fowiner.top,0
cidercade.com,0
elitizmirescort.xyz,0
commafeed.com,0
cashstar.com,0
supremecbd.uk,0
bretagne-reisen.de,0
claytonmo.gov,0
museumofautos.com,0
nctv.net.cn,0
lovelylife.se,0
floydhub.com,0
newshawkonline.com,0
toiimg.com,0
djbb2022.com,0
kfbainian.com,0
jumpsport.cz,0
vampfl.com,0
andone.cz,0
avhire.com,0
innovationinpolitics.eu,0
sildenafilis.online,0
paxil.cfd,0
cemoucm.cn,0
scapawhisky.com,0
cplan.com,0
xluid.com,0
brush.ninja,0
eclypsia.com,0
ellisco.net,0
alienor.org,0
exmark.com,0
nafnafgrill.com,0
yafla.com,0
yawataya.co.jp,0
tujiazutc.com,0
cosplay.com,0
adjarabet.com,0
wyomingdinosaurcenter.org,0
metrogaragedoor.net,0
qdssbl.com,0
vico-real-estate.com,0
vesuviana.it,0
airinum.com,0
xunhuawenzhu.com,0
nhance.com,0
stealthisfilm.com,0
intactfc.com,0
pestcontrolexperts.com,0
psangle.co.kr,0
gamingbible.co.uk,0
cookthink.com,0
serializm.com,0
gmarkt.com,0
qichaozhigun.com,0
libertysteelgroup.com,0
economie.gov.ro,0
alfaofcincinnati.cf,0
bjkvv.cn,0
jyaeurk.cn,0
vasemmisto.fi,0
ysxdcy.com,0
adman.gr,0
wpwebinfotech.com,0
marines.com,0
connectedinvestors.com,0
scientificandmedical.net,0
deckert-distribution.com,0
nubilesx.com,0
goldenpalast.at,0
wheredoivote.co.uk,0
cnki.net,0
lalaxlq.cn,0
nu.edu.sa,0
fjrxxd.com,0
jtxy.com.cn,0
bvzxljz.cn,0
iseusa.org,0
sxlyzpf.com,0
gachinko-school.com,0
xxcycle.fr,0
textmetrics.com,0
verpex.com,0
tippal.ca,0
funtownsplashtownusa.com,0
essaywriteris.com,0
jslt999.com,0
admmedvegensk.ru,0
kendormusic.com,0
shyunlan.cn,0
audacious-media-player.org,0
elbierzodigital.com,0
qmlmm.com,0
berkshiregrey.com,0
onicefire.com,0
dankoboldt.com,0
jilleggers.com,0
yulewanwan.cn,0
doc.ca,0
easywizzy.com,0
queensberg.com,0
smuukww.cn,0
gohammond.com,0
kmqgy.cn,0
yungbludofficial.com,0
lyricsfa.com,0
sfluxe.com,0
radiotv.cz,0
tinyboxwoods.com,0
thisisstatistics.org,0
achronix.com,0
anker-spb.ru,0
bakugan.com,0
justscience.in,0
ry616.cn,0
hotels-online-buchen.de,0
onlinespyshop.co.uk,0
pmo.gov.bn,0
usagym.org,0
e-65.net,0
fullhouseresorts.com,0
heycarson.com,0
ecufilmfestival.com,0
uisp.it,0
mstislavl.ru,0
aestheticsnow.ca,0
exisport.com,0
cdan.es,0
shibaura-it.ac.jp,0
sddongfangdingshun.com,0
digitpress.com,0
investorsking.com,0
nationallibrary.gov.in,0
mastertoysinc.com,0
errorvault.com,0
everydaygoodthinking.com,0
k24tv.co.ke,0
yumelise.fr,0
shenglonghongye.com,0
fencing-monroe.com,0
windowsservercatalog.com,0
mayicaishang.com,0
x9d9b.com,0
lalatol.cn,0
akroncantonfoodbank.org,0
thl.fi,0
adninjaguy.com,0
boyar.cn,0
gaomukeji.com,0
warsawyes.com,0
ielts.com.cn,0
hunter.io,0
balkan-pharmaceuticals.org,0
catsofaustralia.com,0
ladiesandgentlemenstudio.com,0
pirdu.com,0
globalheartjournal.com,0
gadgetguy.com.au,0
aidataanalytics.network,0
ataminews.gr.jp,0
nxguilin.cn,0
uksssconline.in,0
gtb-hd.de,0
lvlpro.ru,0
huashengxm.com,0
jfe-holdings.co.jp,0
miracle-recreation.com,0
octa.net,0
oakfnd.org,0
comscoredatamine.com,0
asiapacificdefencereporter.com,0
ricyt.org,0
rencaichangde.com,0
123fahrschule.de,0
irelandswildlife.com,0
pro-latex.com,0
ikwilmeerreizen.nl,0
ineedjobalerts.in,0
dentathome.com,0
wingtravel.co.kr,0
smartbiography.com,0
hdrusporno.xyz,0
testenvoortoegang.org,0
herreriamartinezl.com,0
qingdaosailing.com,0
dssmkj.com,0
koreaobserver.com,0
svenskacasinosajter.se,0
bysandalye.com,0
braintraining4dogs.com,0
watabe-wedding.co.jp,0
bdaguanjia.com,0
ctlvslx.cn,0
pandora-braceletcharms.us,0
theplatform.net,0
steptostep22.ru,0
talkwalker.com,0
jump4loves.com,0
linuxvideo.org,0
journeys.com,0
eumetnet.eu,0
nomorefakenews.com,0
elvisandshowgirl.cf,0
idlewild.co.uk,0
halfroundgutters.com,0
joolbaby.com,0
seobatch127.ga,0
3dbiocorp.com,0
archproducts.com,0
rigetti.com,0
parkhotel-vitznau.ch,0
mebel-moscow99.ru,0
makinglifesweet.com,0
asccc.org,0
zioneshop.cn,0
express24.uz,0
up2sd.org,0
myperfectcv.co.uk,0
101creativedates.com,0
seiha.com,0
dalimoto.cz,0
buccellati.com,0
footballia.net,0
alexspa.pl,0
baptisthealth.net,0
medicalgroup.kz,0
serendeputy.com,0
wood-works.ca,0
smartengines.ru,0
honesttea.com,0
lionside.org,0
kmnc.net,0
smashingpumpkinsnexus.com,0
osaa.org,0
asm-intl.org,0
clccjxs.com,0
openexchangerates.org,0
cowin.gov.in,0
iuligkr.cn,0
ioof.org,0
diariodecultura.com.ar,0
tackfilm.se,0
beaversplan.com,0
firephp.org,0
seolremjs.com,0
host-tools.com,0
benjamin-franklin-history.org,0
aleladiane.com,0
qiujiqi3.cn,0
immattersacp.org,0
rootedministry.com,0
coreymock.net,0
nreionline.com,0
ah864.cn,0
truth-out.org,0
muratgunduzofficial.com,0
respondi.app,0
metropol-verlag.de,0
ubuntustudio.org,0
musicgenreslist.com,0
cybercaptive.com,0
ketaoketao.com,0
thebigbinder.com,0
generation-y.net,0
starttags.com,0
wholefoodsoulfoodkitchen.com,0
amihub.info,0
mccormickscienceinstitute.com,0
huayougs.com,0
unitedzone.cf,0
tourismontheedge.com,0
myfreetaxes.com,0
elsu.ru,0
globetown.net,0
rivne.me,0
uspsoig.gov,0
strellasocialmedia.com,0
cyberith.com,0
bridgeinvestments.com,0
drchonkarclinic.com,0
diaklany.hu,0
btvsrpg.com,0
4uwaterrestoration.com,0
staroetv.su,0
wslr.org,0
keletunderground.hu,0
manishagupta.in,0
wjcan.com,0
tradlands.com,0
fastdigitalmarketing.com,0
koekjes.net,0
elektrisola.com,0
makitatools.com,0
uipkesvloeren.nl,0
ccci.org,0
unisagrado.edu.br,0
xaxor.com,0
amann.com,0
traviscu.org,0
evablu.net,0
vgleaks.com,0
getnugg.com,0
lemoore.com,0
silobreaker.com,0
itstodiefor.ca,0
beuronline.com,0
sytianju.cn,0
stregisborabora.com,0
bucketsofbanners.com,0
llcuniversity.com,0
4mobiles.nl,0
chelink.com,0
skrillcasinos-uk.top,0
yxslgw.cn,0
subirimagenes.net,0
spacew.com,0
newxel.com,0
outdoorni.com,0
shpanteng.cn,0
gsmall.jp,0
hideamkt.com.br,0
pdfhacks.com,0
alkosto.com,0
history-of-rock.com,0
starsinformer.com,0
trafford.gov.uk,0
xpztucz.cn,0
sos-uk.org,0
larzanderson.org,0
nagert.pics,0
webpin.com,0
amstelring.nl,0
training-access.com,0
inkrit.de,0
humanigen.com,0
multiessay.com,0
zhunyuedu.com,0
zhuge.com,0
univativ.de,0
waze.to,0
vermeer.com,0
diacorporate.com,0
archi-design.xyz,0
lokicasino.com,0
lengjing-media.com,0
karuizawa.co.jp,0
efaber.net,0
sindonis.com,0
